Title,Portfolio,Domain,ReportURL,ReportPageTitle
Department of Agriculture and Water Resources,Agriculture and Water Resources,agriculture.gov.au,http://www.agriculture.gov.au/about/reporting/obligations/contracts,"Department of Agriculture Contracts over $100,000 or more"
Australian Fisheries Management Authority,Agriculture and Water Resources,afma.gov.au,https://www.afma.gov.au/about/corporate-publications,Corporate publications & reports | Australian Fisheries ...
Australian Pesticides and Veterinary Medicines Authority,Agriculture and Water Resources,apvma.gov.au,https://apvma.gov.au/sites/default/files/files-list-jan-jun14.pdf,Indexed list of file titles - Senate Continuing Order
Cotton Research and Development Corporation,Agriculture and Water Resources,crdc.com.au,https://www.crdc.com.au/sites/default/files/Indexed%20list%20of%20files%20July%20to%20Dec%202018.pdf,Indexed list of file title – Senate Continuing Order No
Fisheries Research and Development Corporation,Agriculture and Water Resources,frdc.com.au,http://frdc.com.au/About-us/Corporate-documents,Corporate documents - FRDC
Grains Research and Development Corporation,Agriculture and Water Resources,grdc.com.au,https://grdc.com.au/about/corporate-governance/indexed-list-of-files,Indexed List of Files - GRDC
Murray-Darling Basin Authority,Agriculture and Water Resources,mdba.gov.au,https://www.mdba.gov.au/about-us/accountability-reporting/list-mdba-files,Authority indexed file lists | Murray-Darling Basin Authority
Rural Industries Research and Development Corporation (trading as AgriFutures Australia),Agriculture and Water Resources,agrifutures.com.au,https://www.agrifutures.com.au/wp-content/uploads/2019/02/Indexed-list-of-file-titles-July-2018-to-December-2018.pdf,Indexed list of file titles - agrifutures.com.au
Wine Australia,Agriculture and Water Resources,www.wineaustralia.com,https://www.wineaustralia.com/about-us/indexed-list-of-files,Wine Australia indexed list of files | Wine Australia
"Advisory Committee on Social, Economic and Environmental Sciences",Agriculture and Water Resources,mdba.gov.au,https://www.mdba.gov.au/about-us/accountability-reporting/list-mdba-files,Authority indexed file lists | Murray-Darling Basin Authority
Australian Pesticides and Veterinary Medicines Authority Advisory Board,Agriculture and Water Resources,apvma.gov.au,https://apvma.gov.au/sites/default/files/files-list-jan-jun14.pdf,Indexed list of file titles - Senate Continuing Order
Basin Officials Committee,Agriculture and Water Resources,mdba.gov.au,https://www.mdba.gov.au/about-us/accountability-reporting/list-mdba-files,Authority indexed file lists | Murray-Darling Basin Authority
Director of Biosecurity,Agriculture and Water Resources,agriculture.gov.au,http://www.agriculture.gov.au/about/reporting/obligations/contracts,"Department of Agriculture Contracts over $100,000 or more"
Forest and Wood Products Council,Agriculture and Water Resources,agriculture.gov.au,http://www.agriculture.gov.au/about/reporting/obligations/contracts,"Department of Agriculture Contracts over $100,000 or more"
Inspector-General of Biosecurity,Agriculture and Water Resources,igb.gov.au,http://www.igb.gov.au/SiteCollectionDocuments/review-report-uncooked-prawn-imports.docx,Uncooked prawn imports: effectiveness of biosecurity controls
Murray-Darling Basin Community Committee,Agriculture and Water Resources,mdba.gov.au,https://www.mdba.gov.au/about-us/accountability-reporting/list-mdba-files,Authority indexed file lists | Murray-Darling Basin Authority
National Rural Advisory Council,Agriculture and Water Resources,agriculture.gov.au,http://www.agriculture.gov.au/about/reporting/obligations/contracts,"Department of Agriculture Contracts over $100,000 or more"
Statutory Fishing Rights Allocation Review Panel,Agriculture and Water Resources,agriculture.gov.au,http://www.agriculture.gov.au/about/reporting/obligations/contracts,"Department of Agriculture Contracts over $100,000 or more"
Water Efficiency Labelling and Standards Regulator,Agriculture and Water Resources,waterrating.gov.au,https://www.waterrating.gov.au/sites/default/files/2019-01/wels-expansion-domestic-irrigation.docx,Final report on the consideration of domestic irrigation ...
Attorney-General's Department,Attorney-General's,ag.gov.au,https://www.ag.gov.au/Publications/Pages/SenateContinuingOrderFileLists.aspx,Senate Order for the production of indexed lists of ...
Administrative Appeals Tribunal,Attorney-General's,aat.gov.au,https://www.aat.gov.au/AAT/media/AAT/Files/Reports/1Julyto31December2018.pdf,CONTINUING ORDER OF THE SENATE File Name - aat.gov.au
Australian Commission for Law Enforcement Integrity,Attorney-General's,aclei.gov.au,https://www.aclei.gov.au/about/corporate-information/senate-order-file-lists,Senate Order file lists | Australian Commission for Law ...
Australian Financial Security Authority,Attorney-General's,afsa.gov.au,https://www.afsa.gov.au/about-us/corporate-information/senate-continuing-order,Senate Continuing Order | Australian Financial Security ...
Australian Human Rights Commission,Attorney-General's,humanrights.gov.au,https://www.humanrights.gov.au/our-work/commission-general/senate-file-listing-1-july-2011-31-december-2011,Senate File Listing 1 July 2011 – 31 December 2011 ...
Australian Law Reform Commission,Attorney-General's,alrc.gov.au,https://www.alrc.gov.au/sites/default/files/pdfs/publications/ALRC75.pdf,ALRC 75 Costs Shifting — who pays for litigation
Federal Court of Australia,Attorney-General's,fedcourt.gov.au,http://www.fedcourt.gov.au/about/corporate-information/senate-file-lists,Senate File Lists - Federal Court of Australia
National Archives of Australia,Attorney-General's,naa.gov.au,http://www.naa.gov.au/Images/JultoDec2005_tcm16-35980.pdf,SENATE FILE LIST - National Archives of Australia
Office of Parliamentary Counsel,Attorney-General's,opc.gov.au,https://www.opc.gov.au/sites/default/files/s19pt127.v03.docx,Senate File List July to December 2018 - opc.gov.au
Office of the Australian Information Commissioner,Attorney-General's,oaic.gov.au,https://www.oaic.gov.au/about-us/corporate-information/senate-file-list-order/,Senate file list order | Corporate information | About us ...
Office of the Commonwealth Ombudsman,Attorney-General's,ombudsman.gov.au,https://www.ombudsman.gov.au/__data/assets/pdf_file/0010/30007/senate_order_on_government_contracts_at_30_june_2009.pdf,Senate Order on Agency Contracts Listing Relating to the ...
Office of the Director of Public Prosecutions,Attorney-General's,cdpp.gov.au,https://www.cdpp.gov.au/about-us/accountability-and-reporting/file-list,File List | Commonwealth Director of Public Prosecutions
Office of the Inspector-General of Intelligence and Security,Attorney-General's,igis.gov.au,https://www.igis.gov.au/accountability/indexed-file-list,Indexed File List | IGIS
Administrative Review Council,Attorney-General's,ag.gov.au,https://www.ag.gov.au/Publications/Pages/SenateContinuingOrderFileLists.aspx,Senate Order for the production of indexed lists of ...
Australian Human Rights Commission,Attorney-General's,humanrights.gov.au,https://www.humanrights.gov.au/our-work/commission-general/senate-file-listing-1-july-2011-31-december-2011,Senate File Listing 1 July 2011 – 31 December 2011 ...
Defence Force Discipline Appeal Tribunal,Attorney-General's,defenceappeals.gov.au,UNKNOWN,UNKNOWN
Family Law Council,Attorney-General's,ag.gov.au,https://www.ag.gov.au/Publications/Pages/SenateContinuingOrderFileLists.aspx,Senate Order for the production of indexed lists of ...
Independent National Security Legislation Monitor,Attorney-General's,inslm.gov.au,http://www.inslm.gov.au/sites/default/files/files/control-order-safeguards-part2.pdf,Control Order Safeguards Part 2 - INSLM
Information Advisory Committee,Attorney-General's,oaic.gov.au,https://www.oaic.gov.au/about-us/corporate-information/senate-file-list-order/,Senate file list order | Corporate information | About us ...
National Archives of Australia Advisory Council,Attorney-General's,naa.gov.au,http://www.naa.gov.au/Images/JultoDec2005_tcm16-35980.pdf,SENATE FILE LIST - National Archives of Australia
National Native Title Tribunal,Attorney-General's,nntt.gov.au,http://www.nntt.gov.au/Reporting%20Publications/File%20Listing%20for%20Senate%20Continuing%20Order%20Jul%20-%20Dec%202018.pdf,List of Tribunal Files - nntt.gov.au
Privacy Advisory Committee,Attorney-General's,oaic.gov.au,https://www.oaic.gov.au/about-us/corporate-information/senate-file-list-order/,Senate file list order | Corporate information | About us ...
Department of Communications and the Arts,Communications and the Arts,communications.gov.au,https://www.communications.gov.au/who-we-are/department/senate-orders,Senate orders | Department of Communications and the Arts
Australia Council,Communications and the Arts,australiacouncil.gov.au,https://www.australiacouncil.gov.au/about/harradine-reports/,Harradine Reports | Australia Council
Australian Broadcasting Corporation,Communications and the Arts,abc.net.au,http://about.abc.net.au/submissions/,Indexed list of files | About the ABC
Australian Communications and Media Authority,Communications and the Arts,acma.gov.au,https://acma.gov.au/theACMA/About/Corporate/Accountability/statutory-reports-acma-1,Statutory reports | ACMA
"Australian Film, Television and Radio School",Communications and the Arts,aftrs.edu.au,https://www.aftrs.edu.au/award-course/master-of-arts-screen-producing/,2019 Master of Arts Screen: Producing | Australian Film ...
Australian National Maritime Museum,Communications and the Arts,anmm.gov.au,https://www.anmm.gov.au/-/media/anmm/files/about-us/anmm-privacy-policy.docx?la=en&hash=468E03D4108F4C45E71FB2F7E89C08C74818F9D7,Scope - anmm.gov.au
Australian Postal Corporation,Communications and the Arts,auspost.com.au,https://auspost.com.au/,"Australia Post - Personal, Business, Enterprise ..."
Museum of Australian Democracy at Old Parliament House,Communications and the Arts,moadoph.gov.au,https://www.moadoph.gov.au/about/corporate-documents/,Corporate documents · Museum of Australian Democracy at ...
National Film and Sound Archive of Australia,Communications and the Arts,nfsa.gov.au,https://www.nfsa.gov.au/about/corporate-information/publications/harradine-reports,Harradine Reports | NFSA
National Gallery of Australia,Communications and the Arts,nga.gov.au,https://nga.gov.au/aboutus/files.cfm,About us : FOI List of files - National Gallery of Australia
National Library of Australia,Communications and the Arts,nla.gov.au,https://www.nla.gov.au/policy-and-planning/indexed-list-of-file-titles,Indexed list of file titles | National Library of Australia
National Museum of Australia,Communications and the Arts,nma.gov.au,https://www.nma.gov.au/about/corporate/departmental-file-lists/departmental-file-list-1-january-to-30-june-2018,Departmental file list 1 January to 30 June 2018 ...
National Portrait Gallery of Australia,Communications and the Arts,portrait.gov.au,https://www.portrait.gov.au/content/indexed-list-of-file-titles,"Indexed list of file titles, National Portrait Gallery"
Screen Australia,Communications and the Arts,screenaustralia.gov.au,https://afcarchive.screenaustralia.gov.au/downloads/pubs/listjul_dec05.pdf,Indexed Files Opened For the Period
Special Broadcasting Service Corporation,Communications and the Arts,sbs.com.au,https://www.sbs.com.au/aboutus/corporate/view/id/115/h/Senate-Continuing-Order-No.-5,Corporate : View : SBS Corporate
ABC Advisory Council,Communications and the Arts,abc.net.au,http://about.abc.net.au/submissions/,Indexed list of files | About the ABC
Classification Board,Communications and the Arts,classification.gov.au,http://www.classification.gov.au/About/AnnualReports/Pages/annual-report-2016-17/annual-report-2016-17.aspx,Annual report 2016–17 | Australian Classification
Classification Review Board,Communications and the Arts,classification.gov.au,http://www.classification.gov.au/About/AnnualReports/Pages/annual-report-2016-17/annual-report-2016-17.aspx,Annual report 2016–17 | Australian Classification
Copyright Tribunal of Australia,Communications and the Arts,copyrighttribunal.gov.au,https://www.copyrighttribunal.gov.au/publications,Publications - Copyright Tribunal of Australia
eSafety Commissioner,Communications and the Arts,esafety.gov.au,https://www.esafety.gov.au/,eSafety Homepage | Office of the eSafety Commissioner
Public Lending Right Committee,Communications and the Arts,arts.gov.au,https://www.arts.gov.au/sites/default/files/indigenous-australian-art-charter-of-principles-for-publicly-funded-collecting-institutions.pdf,Indigenous Australian Art Charter of Principles for ...
Regional Telecommunications Independent Review Committee,Communications and the Arts,rtirc.gov.au,UNKNOWN,UNKNOWN
SBS Community Advisory Committee,Communications and the Arts,sbs.com.au,https://www.sbs.com.au/aboutus/corporate/view/id/115/h/Senate-Continuing-Order-No.-5,Corporate : View : SBS Corporate
Department of Defence,Defence,defence.gov.au,http://www.defence.gov.au/Publications/Parliament/SenateOrder/,Home : Senate Order : Department of Defence
Army and Air Force Canteen Service,Defence,aafcans.gov.au,https://www.aafcans.gov.au/freedom-of-information-plan/,Freedom of Information Scheme (IPS) Plan - AAFCANS: Army ...
Australian Military Forces Relief Trust Fund,Defence,armyrtf.com.au,http://armyrtf.com.au/wp-content/uploads/AMFRTF-Annual-Report-2017-18.pdf,Relief Trust Fund Annual Report 2017-2018 - armyrtf.com.au
Australian Signals Directorate,Defence,asd.gov.au,https://asd.gov.au/infosec/epl/view_document.php?document_id=NTg0IyMjMTA4LjE2Mi4yNDYuMTk5,Certification Report - asd.gov.au
Defence Housing Australia,Defence,dha.gov.au,https://www.dha.gov.au/annual-reports/2016-2017/management-and-accountability/governance-structure/,Governance structure | Defence Housing Australia
Royal Australian Navy Central Canteens Board (Royal Australian Navy Central Canteens Fund),Defence,navycanteens.com.au,https://navycanteens.com.au/,Navy Canteens
Royal Australian Navy Relief Trust Fund,Defence,defence.gov.au,http://www.defence.gov.au/Publications/Parliament/SenateOrder/,Home : Senate Order : Department of Defence
Australian Air Force (Royal Australian Air Force),Defence,airforce.gov.au,http://airpower.airforce.gov.au/APDC/media/PDF-Files/Working%20Papers/WP31-Principles-of-War-and-Air-Power.pdf,Principles of War and Air Power - Royal Australian Air Force
Australian Army,Defence,army.gov.au,https://www.army.gov.au/sites/g/files/net1846/f/amf-military_orders_1918_0.pdf,AUSTRALIAS MILITARI FORCES.
Australian Defence Force Cover Scheme (ADF Cover),Defence,defence.gov.au,http://www.defence.gov.au/Publications/Parliament/SenateOrder/,Home : Senate Order : Department of Defence
Australian Defence Force Superannuation Scheme (ADF Super),Defence,militarysuper.gov.au,UNKNOWN,UNKNOWN
Australian Navy (Royal Australian Navy),Defence,navy.gov.au,http://www.navy.gov.au/sites/default/files/documents/2152.pdf,Not to be communicated to anyone outside H.M. Service ...
Chief of the Defence Force,Defence,defence.gov.au,http://www.defence.gov.au/Publications/Parliament/SenateOrder/,Home : Senate Order : Department of Defence
Defence Honours and Awards Appeals Tribunal,Defence,defence-honours-tribunal.gov.au,http://defence-honours-tribunal.gov.au/wp-content/uploads/2011/05/AF13004482.pdf,CHAPTER ELEVEN GUNNER ALBERT NEIL (NEALE) CLEARY
Director of Military Prosecutions,Defence,defence.gov.au,http://www.defence.gov.au/Publications/Parliament/SenateOrder/,Home : Senate Order : Department of Defence
Inspector-General of the Australian Defence Force,Defence,defence.gov.au,http://www.defence.gov.au/Publications/Parliament/SenateOrder/,Home : Senate Order : Department of Defence
Judge Advocate General and Deputy Judge Advocate Generals,Defence,defence.gov.au,http://www.defence.gov.au/Publications/Parliament/SenateOrder/,Home : Senate Order : Department of Defence
Office of Reserve Service Protection,Defence,defencereservessupport.gov.au,UNKNOWN,UNKNOWN
Vice Chief of the Defence Force,Defence,defence.gov.au,http://www.defence.gov.au/Publications/Parliament/SenateOrder/,Home : Senate Order : Department of Defence
Department of Education and Training,Education and Training,education.gov.au,https://www.education.gov.au/senate-continuing-order-listing-departmental-files,Senate Continuing Order – Listing of Departmental Files ...
"Australian Curriculum, Assessment and Reporting Authority",Education and Training,acara.edu.au,https://www.acara.edu.au/about-us/acara-reports-and-publications,ACARA reports and publications
Australian National University,Education and Training,anu.edu.au,http://press-files.anu.edu.au/downloads/press/p98331/mobile/ch13s04.html,Freedom of information is vital - ANU Press
Australian Research Council,Education and Training,arc.gov.au,https://www.arc.gov.au/about-arc/reporting/senate-requirements,Senate Requirements | Australian Research Council
National Vocational Education and Training Regulator (Australian Skills Quality Authority),Education and Training,asqa.gov.au,https://www.asqa.gov.au/files/senateorderreport2016-17xlsx,senate_order_report_2016-17.xlsx | Australian Skills ...
Tertiary Education Quality and Standards Agency,Education and Training,teqsa.gov.au,https://www.teqsa.gov.au/latest-news/publications/provider-portal-frequently-asked-questions,Provider Portal - Frequently Asked Questions (FAQs ...
Higher Education Standards Panel,Education and Training,hestandards.gov.au,UNKNOWN,UNKNOWN
TPS Advisory Board,Education and Training,education.gov.au,https://www.education.gov.au/senate-continuing-order-listing-departmental-files,Senate Continuing Order – Listing of Departmental Files ...
Tuition Protection Service Director,Education and Training,education.gov.au,https://www.education.gov.au/senate-continuing-order-listing-departmental-files,Senate Continuing Order – Listing of Departmental Files ...
Unique Student Identifier,Education and Training,usi.gov.au,https://www.usi.gov.au/,USI - Unique Student Identifier
Department of the Environment and Energy,Environment and Energy,environment.gov.au,https://www.environment.gov.au/about-us/accountability-reporting/files,Indexed List of Files Created - Australian Government ...
Australian Renewable Energy Agency,Environment and Energy,arena.gov.au,https://arena.gov.au/assets/2018/08/senate-order-contract-list-30-june-2018.pdf,Listing of Contracts in compliance with Senate Order ...
Bureau of Meteorology,Environment and Energy,bom.gov.au,http://www.bom.gov.au/water/regulations/faqAuxNav.shtml,Frequently Asked Questions: Water Regulations 2008: Water ...
Clean Energy Finance Corporation,Environment and Energy,cleanenergyfinancecorp.com.au,http://annualreport2015.cleanenergyfinancecorp.com.au/governance-structure-people/law-and-policy/other-legislation-policies-of-the-australian-government-and-key-governance-events/,"Other Legislation, Policies of the Australian Government ..."
Clean Energy Regulator,Environment and Energy,cleanenergyregulator.gov.au,http://www.cleanenergyregulator.gov.au/About/Accountability-and-reporting/Parliamentary-and-statutory-reporting/Continuing-Order-of-the-Senate-Indexed-lists-of-Agency-Files,Continuing order of the Senate - Indexed lists of Agency files
Climate Change Authority,Environment and Energy,climatechangeauthority.gov.au,http://climatechangeauthority.gov.au/senate-continuing-order-12-harradine-report-indexed-list-agency-files,Senate continuing order 12 (Harradine Report): indexed ...
Director of National Parks,Environment and Energy,environment.gov.au,https://www.environment.gov.au/about-us/accountability-reporting/files,Indexed List of Files Created - Australian Government ...
Great Barrier Reef Marine Park Authority,Environment and Energy,gbrmpa.gov.au,http://www.gbrmpa.gov.au/home/ips/IPS-indexed-list-of-files,GBRMPA - IPS indexed list of files
Sydney Harbour Federation Trust,Environment and Energy,harbourtrust.gov.au,http://www.harbourtrust.gov.au/system/files/pages/d72503f9-d6c5-4e60-9288-9652ae63dfae/files/list-contracts-1-january-2018-31-december.pdf,2018 SENATE ORDER FOR ENTITY CONTRACTS LISTING RELATING TO ...
Alligator Rivers Region Advisory Committee,Environment and Energy,environment.gov.au,https://www.environment.gov.au/about-us/accountability-reporting/files,Indexed List of Files Created - Australian Government ...
Alligator Rivers Region Technical Committee,Environment and Energy,environment.gov.au,https://www.environment.gov.au/about-us/accountability-reporting/files,Indexed List of Files Created - Australian Government ...
Australian Heritage Council,Environment and Energy,environment.gov.au,https://www.environment.gov.au/about-us/accountability-reporting/files,Indexed List of Files Created - Australian Government ...
Booderee National Park Board of Management,Environment and Energy,environment.gov.au,https://www.environment.gov.au/about-us/accountability-reporting/files,Indexed List of Files Created - Australian Government ...
Commonwealth Environmental Water Holder,Environment and Energy,environment.gov.au,https://www.environment.gov.au/about-us/accountability-reporting/files,Indexed List of Files Created - Australian Government ...
Commonwealth Environmental Water Office,Environment and Energy,environment.gov.au,https://www.environment.gov.au/about-us/accountability-reporting/files,Indexed List of Files Created - Australian Government ...
Emissions Reduction Assurance Committee,Environment and Energy,environment.gov.au,https://www.environment.gov.au/about-us/accountability-reporting/files,Indexed List of Files Created - Australian Government ...
Fuel Standards Consultative Committee,Environment and Energy,environment.gov.au,https://www.environment.gov.au/about-us/accountability-reporting/files,Indexed List of Files Created - Australian Government ...
Greenhouse and Energy Minimum Standards (GEMS) Regulator,Environment and Energy,energyrating.gov.au,http://www.energyrating.gov.au/sites/new.energyrating/files/documents/Report_Residential_Baseline_Study_for_New_Zealand_2000_-_2030_0_0.pdf,Residential Energy Baseline Study: New Zealand
Hazardous Waste Technical Group,Environment and Energy,environment.gov.au,https://www.environment.gov.au/about-us/accountability-reporting/files,Indexed List of Files Created - Australian Government ...
Independent Expert Scientific Committee on Coal Seam Gas and Large Coal Mining Development,Environment and Energy,environment.gov.au,https://www.environment.gov.au/about-us/accountability-reporting/files,Indexed List of Files Created - Australian Government ...
Indigenous Advisory Committee,Environment and Energy,environment.gov.au,https://www.environment.gov.au/about-us/accountability-reporting/files,Indexed List of Files Created - Australian Government ...
Kakadu Board of Management,Environment and Energy,environment.gov.au,https://www.environment.gov.au/about-us/accountability-reporting/files,Indexed List of Files Created - Australian Government ...
Land Sector Carbon and Biodiversity Board,Environment and Energy,environment.gov.au,https://www.environment.gov.au/about-us/accountability-reporting/files,Indexed List of Files Created - Australian Government ...
National Environment Protection Council,Environment and Energy,environment.gov.au,https://www.environment.gov.au/about-us/accountability-reporting/files,Indexed List of Files Created - Australian Government ...
National Wildlife Corridors Committee,Environment and Energy,environment.gov.au,https://www.environment.gov.au/about-us/accountability-reporting/files,Indexed List of Files Created - Australian Government ...
Threatened Species Scientific Committee,Environment and Energy,environment.gov.au,https://www.environment.gov.au/about-us/accountability-reporting/files,Indexed List of Files Created - Australian Government ...
Uluru-Kata Tjuta Board of Management,Environment and Energy,environment.gov.au,https://www.environment.gov.au/about-us/accountability-reporting/files,Indexed List of Files Created - Australian Government ...
Department of Finance,Finance,finance.gov.au,https://www.finance.gov.au/publications/senate-continuing-order/,Senate Order 12 - Production of Departmental File Lists ...
Australian Electoral Commission,Finance,aec.gov.au,https://www.aec.gov.au/About_AEC/Publications/List_of_files/,List of Files - Australian Electoral Commission
Commonwealth Superannuation Corporation,Finance,csc.gov.au,https://www.csc.gov.au/Employers/About-CSC/Corporate-governance/Senate-order-8,Senate order 8 - csc.gov.au
Future Fund Management Agency,Finance,futurefund.gov.au,https://www.futurefund.gov.au/about-us/access-to-information/parliamentary-and-statutory-reporting,Future Fund | Parliamentary and statutory reporting
Commonwealth Superannuation Scheme,Finance,css.gov.au,UNKNOWN,UNKNOWN
Defence Force Retirement and Death Benefits Scheme,Finance,dfrdb.gov.au,UNKNOWN,UNKNOWN
Future Fund Board of Guardians,Finance,futurefund.gov.au,https://www.futurefund.gov.au/about-us/access-to-information/parliamentary-and-statutory-reporting,Future Fund | Parliamentary and statutory reporting
Military Superannuation and Benefits Scheme,Finance,militarysuper.gov.au,UNKNOWN,UNKNOWN
Public Sector Superannuation Accumulation Plan,Finance,pssap.gov.au,UNKNOWN,UNKNOWN
Public Sector Superannuation Scheme,Finance,pss.gov.au,UNKNOWN,UNKNOWN
Department of Foreign Affairs and Trade,Foreign Affairs and Trade,dfat.gov.au,https://dfat.gov.au/about-us/corporate/new-departmental-files/Pages/new-departmental-files.aspx,New departmental files - Department of Foreign Affairs and ...
Australian Centre for International Agricultural Research,Foreign Affairs and Trade,aciar.gov.au,https://www.aciar.gov.au/Government-Reporting/List-New-Departmental-Files,List of New Departmental Files | ACIAR - Australian Centre ...
Australian Secret Intelligence Service,Foreign Affairs and Trade,asis.gov.au,https://www.asis.gov.au/media/Executive-Officer-EL1--this-one.pdf,S E L E C T I O N D O C U M E N T A T I O N
Australian Trade and Investment Commission (Austrade),Foreign Affairs and Trade,austrade.gov.au,https://www.austrade.gov.au/About/Corporate-Information/file-lists,List of New Departmental Files - Austrade
Export Finance and Insurance Corporation,Foreign Affairs and Trade,efic.gov.au,https://www.efic.gov.au/our-organisation/our-organisation/senate-order-entity-contracts/,Senate Order - Entity Contracts - efic.gov.au
Tourism Australia,Foreign Affairs and Trade,tourism.australia.com,http://www.tourism.australia.com/content/dam/assets/document/1/6/x/7/j/2002591.pdf,Tourism Australia Information Publication Scheme Plan
ACIAR Policy Advisory Council,Foreign Affairs and Trade,aciar.gov.au,https://www.aciar.gov.au/Government-Reporting/List-New-Departmental-Files,List of New Departmental Files | ACIAR - Australian Centre ...
Australian Safeguards and Non-Proliferation Office,Foreign Affairs and Trade,dfat.gov.au,https://dfat.gov.au/about-us/corporate/new-departmental-files/Pages/new-departmental-files.aspx,New departmental files - Department of Foreign Affairs and ...
Commission for International Agricultural Research,Foreign Affairs and Trade,aciar.gov.au,https://www.aciar.gov.au/Government-Reporting/List-New-Departmental-Files,List of New Departmental Files | ACIAR - Australian Centre ...
Pacific Women Shaping Pacific Development Advisory Board,Foreign Affairs and Trade,www.pacificwomen.org,UNKNOWN,UNKNOWN
Department of Health,Health,health.gov.au,https://beta.health.gov.au/resources/publications/departmental-files-senate-order-12-listing,Departmental files (Senate Order 12 Listing) | Australian ...
Aged Care Quality and Safety Commission,Health,agedcarequality.gov.au,https://www.agedcarequality.gov.au/about-uslegislation-and-policies/contract-listings,Contract listings | Aged Care Quality and Safety Commission
Australian Commission on Safety and Quality in Health Care,Health,safetyandquality.gov.au,https://www.safetyandquality.gov.au/about-us/indexed-agency-files/,Indexed List of Agency Files | Safety and Quality
Australian Digital Health Agency,Health,digitalhealth.gov.au,https://www.digitalhealth.gov.au/about-the-agency/reporting-agency-contracts/list-of-agency-contracts/Senate%20Order%20Register%20-%20August%202017.pdf,Senate Order for Contracts Listing Relating to the Period ...
Australian Institute of Health and Welfare,Health,aihw.gov.au,https://www.aihw.gov.au/indexed-list-of-files,Indexed list of files - Australian Institute of Health and ...
Australian National Preventive Health Agency,Health,quitnow.gov.au,http://www.quitnow.gov.au/internet/annrpt/publishing.nsf/Content/2AE204A48DE5083BCA2573EE000AD43B/$File/Outcome_10.pdf,OUTCOME 10 - quitnow.gov.au
Australian Organ and Tissue Donation and Transplantation Authority,Health,donatelife.gov.au,https://donatelife.gov.au/about-us/corporate-information/financial-reporting,Financial reporting | DonateLife
Australian Radiation Protection and Nuclear Safety Agency,Health,arpansa.gov.au,https://www.arpansa.gov.au/about-us/accessing-our-information/file-listing,File listing | ARPANSA
Australian Sports Anti-Doping Authority,Health,asada.gov.au,https://www.asada.gov.au/about-asada/corporate-information/file-list,File list | Australian Sports Anti-doping Authority - ASADA
Australian Sports Commission,Health,sportaus.gov.au,https://www.sportaus.gov.au/media_centre/publications#!,Publications | Sport Australia
Cancer Australia,Health,canceraustralia.gov.au,https://canceraustralia.gov.au/sites/default/files/cancer_australia_grants_contract_listing_contracts_for_the_2015-16_financial_year.pdf,Cancer Australia: Senate Order 192 (Murray Motion ...
Food Standards Australia New Zealand,Health,foodstandards.gov.au,http://www.foodstandards.gov.au/Pages/site-map.aspx,Site map - foodstandards.gov.au
Independent Hospital Pricing Authority,Health,ihpa.gov.au,https://www.ihpa.gov.au/who-we-are/senate-orders,Senate orders | IHPA
National Blood Authority,Health,blood.gov.au,https://www.blood.gov.au/governmental-compliance,Governmental Compliance | National Blood Authority
National Health and Medical Research Council,Health,nhmrc.gov.au,https://www.nhmrc.gov.au/about-us/accountability-and-reporting,Accountability and reporting | NHMRC
National Health Funding Body,Health,nhfb.gov.au,https://nhfb.gov.au/publications/senate-orders-and-directions/,Senate Orders and Directions - National Health Funding Body
National Mental Health Commission,Health,mentalhealthcommission.gov.au,http://mentalhealthcommission.gov.au/our-reports/our-national-report-cards/2013-report-card/supporting-information/references.aspx,References | National Mental Health Commission
Professional Services Review,Health,psr.gov.au,https://www.psr.gov.au/psr-agency-corporate-information/accountability-and-reporting,Accountability and reporting | Professional Services Review
Advisory Committee on Biologicals,Health,tga.gov.au,https://www.tga.gov.au/sites/default/files/tga-regulatory-change.pdf,Regulatory change: How the TGA legislation and guidelines ...
Advisory Committee on Chemicals Scheduling,Health,tga.gov.au,https://www.tga.gov.au/sites/default/files/tga-regulatory-change.pdf,Regulatory change: How the TGA legislation and guidelines ...
Advisory Committee on Complementary Medicines,Health,tga.gov.au,https://www.tga.gov.au/sites/default/files/tga-regulatory-change.pdf,Regulatory change: How the TGA legislation and guidelines ...
Advisory Committee on Medical Devices,Health,tga.gov.au,https://www.tga.gov.au/sites/default/files/tga-regulatory-change.pdf,Regulatory change: How the TGA legislation and guidelines ...
Advisory Committee on Medicines Scheduling,Health,tga.gov.au,https://www.tga.gov.au/sites/default/files/tga-regulatory-change.pdf,Regulatory change: How the TGA legislation and guidelines ...
Advisory Committee on Vaccines,Health,tga.gov.au,https://www.tga.gov.au/sites/default/files/tga-regulatory-change.pdf,Regulatory change: How the TGA legislation and guidelines ...
Aged Care Financing Authority,Health,health.gov.au,https://beta.health.gov.au/resources/publications/departmental-files-senate-order-12-listing,Departmental files (Senate Order 12 Listing) | Australian ...
Aged Care Pricing Commissioner,Health,acpc.gov.au,UNKNOWN,UNKNOWN
Aged Care Quality Advisory Council,Health,aacqa.gov.au,https://qpulse.aacqa.gov.au/QPulseWeb/UI/Help/Content/Glossary.htm,Glossary - Q-Pulse
Anti-Doping Rule Violation Panel,Health,asada.gov.au,https://www.asada.gov.au/about-asada/corporate-information/file-list,File list | Australian Sports Anti-doping Authority - ASADA
Australian Community Pharmacy Authority,Health,health.gov.au,https://beta.health.gov.au/resources/publications/departmental-files-senate-order-12-listing,Departmental files (Senate Order 12 Listing) | Australian ...
Australian Sports Drug Medical Advisory Committee,Health,asdmac.gov.au,UNKNOWN,UNKNOWN
Complaints Resolution Panel,Health,tgacrp.com.au,UNKNOWN,UNKNOWN
Gene Technology Ethics and Community Consultative Committee,Health,ogtr.gov.au,http://www.ogtr.gov.au/internet/ogtr/publishing.nsf/Content/PC1-4/$FILE/PC1FACv1-1.pdf,Guidelines for Certification - OGTR
Gene Technology Regulator,Health,ogtr.gov.au,http://www.ogtr.gov.au/internet/ogtr/publishing.nsf/Content/PC1-4/$FILE/PC1FACv1-1.pdf,Guidelines for Certification - OGTR
Gene Technology Technical Advisory Committee,Health,ogtr.gov.au,http://www.ogtr.gov.au/internet/ogtr/publishing.nsf/Content/PC1-4/$FILE/PC1FACv1-1.pdf,Guidelines for Certification - OGTR
National Health and Medical Research Council - Australian Health Ethics Committee,Health,nhmrc.gov.au,https://www.nhmrc.gov.au/about-us/accountability-and-reporting,Accountability and reporting | NHMRC
National Health and Medical Research Council - Commissioner of Complaints,Health,nhmrc.gov.au,https://www.nhmrc.gov.au/about-us/accountability-and-reporting,Accountability and reporting | NHMRC
National Health and Medical Research Council - Council,Health,nhmrc.gov.au,https://www.nhmrc.gov.au/about-us/accountability-and-reporting,Accountability and reporting | NHMRC
National Health and Medical Research Council - Embryo Research and Licensing Committee,Health,nhmrc.gov.au,https://www.nhmrc.gov.au/about-us/accountability-and-reporting,Accountability and reporting | NHMRC
National Health and Medical Research Council - Health Innovation Advisory Committee,Health,nhmrc.gov.au,https://www.nhmrc.gov.au/about-us/accountability-and-reporting,Accountability and reporting | NHMRC
National Health and Medical Research Council - Health Translation Advisory Committee,Health,nhmrc.gov.au,https://www.nhmrc.gov.au/about-us/accountability-and-reporting,Accountability and reporting | NHMRC
National Health and Medical Research Council - Research Committee,Health,nhmrc.gov.au,https://www.nhmrc.gov.au/about-us/accountability-and-reporting,Accountability and reporting | NHMRC
National Industrial Chemicals Notification and Assessment Scheme,Health,nicnas.gov.au,https://www.nicnas.gov.au/about-us/how-we-work/cris-implementation-statement-2018-2019/cost-recovery-model,CRIS 2018-19 — Cost recovery model - nicnas.gov.au
National Pathology Accreditation Advisory Council,Health,health.gov.au,https://beta.health.gov.au/resources/publications/departmental-files-senate-order-12-listing,Departmental files (Senate Order 12 Listing) | Australian ...
Nuclear Safety Committee,Health,arpansa.gov.au,https://www.arpansa.gov.au/about-us/accessing-our-information/file-listing,File listing | ARPANSA
Pharmaceutical Benefits Advisory Committee,Health,pbs.gov.au,UNKNOWN,UNKNOWN
Professional Services Review - Determining Authority,Health,psr.gov.au,https://www.psr.gov.au/psr-agency-corporate-information/accountability-and-reporting,Accountability and reporting | Professional Services Review
Professional Services Review Panel,Health,psr.gov.au,https://www.psr.gov.au/psr-agency-corporate-information/accountability-and-reporting,Accountability and reporting | Professional Services Review
Radiation Health and Safety Advisory Council,Health,arpansa.gov.au,https://www.arpansa.gov.au/about-us/accessing-our-information/file-listing,File listing | ARPANSA
Radiation Health Committee,Health,arpansa.gov.au,https://www.arpansa.gov.au/about-us/accessing-our-information/file-listing,File listing | ARPANSA
Therapeutic Goods Advertising Code council,Health,tgacc.com.au,UNKNOWN,UNKNOWN
Department of Home Affairs,Home Affairs,homeaffairs.gov.au,https://www.homeaffairs.gov.au/reports-and-publications/reports/senate-orders,Senate Orders
Australian Criminal Intelligence Commission,Home Affairs,acic.gov.au,https://www.acic.gov.au/about-us/governance/senate-file-lists,Senate file lists | Australian Criminal Intelligence ...
Australian Federal Police,Home Affairs,afp.gov.au,https://www.afp.gov.au/about-us/governance-and-accountability/harradine-report,Harradine report | Australian Federal Police
Australian Institute of Criminology,Home Affairs,aic.gov.au,https://aic.gov.au/about-us/governance/senate-files-lists,Senate files lists | Australian Institute of Criminology
Australian Security Intelligence Organisation,Home Affairs,asio.gov.au,https://www.asio.gov.au/,Australian Security Intelligence Organisation
Australian Transaction Reports and Analysis Centre,Home Affairs,austrac.gov.au,http://www.austrac.gov.au/about-us/corporate-governance/file-list,File list | Australian Transaction Reports and Analysis ...
Australian Border Force Commissioner,Home Affairs,border.gov.au,UNKNOWN,UNKNOWN
Inspector of Transport Security,Home Affairs,infrastructure.gov.au,https://www.infrastructure.gov.au/department/file_listing/index.aspx,Indexed List of Departmental Files
Department of Human Services,Human Services (Part of the Social Services Portfolio),humanservices.gov.au,https://www.humanservices.gov.au/organisations/about-us/publications-and-resources/finances/indexed-list-files,Indexed list of files - Australian Government Department ...
Australian Hearing Services,Human Services (Part of the Social Services Portfolio),hearing.com.au,https://www.hearing.com.au/Corporate/Privacy,Privacy Policy - Australian Hearing
"Department of Industry, Innovation and Science","Industry, Innovation and Science",industry.gov.au,https://www.industry.gov.au/about-us/what-we-do/continuing-order-of-the-senate,Continuing Order of the Senate | Department of Industry ...
Australian Institute of Marine Science,"Industry, Innovation and Science",aims.gov.au,https://www.aims.gov.au/docs/publications/foi-02-indexed-list.html,FOI Indexed List - AIMS
Australian Nuclear Science and Technology Organisation,"Industry, Innovation and Science",ansto.gov.au,https://www.ansto.gov.au/sites/default/files/2019-01/2019_Senate_Order_on_Entity_Reporting.pdf,SENATE ORDER ENTITY CONTRACTS FBERUARY 2019
Commonwealth Scientific and Industrial Research Organisation,"Industry, Innovation and Science",www.csiro.au,https://www.csiro.au/en/About/Access-to-information,Access to information - CSIRO
Geoscience Australia,"Industry, Innovation and Science",ga.gov.au,http://www.ga.gov.au/__data/assets/pdf_file/0003/27507/Senate_Order.pdf,Geoscience Australia - Senate Continuing Order
IP Australia,"Industry, Innovation and Science",ipaustralia.gov.au,https://www.ipaustralia.gov.au/about-us/accountability-and-reporting/harradine-reports,Harradine reports | IP Australia
National Offshore Petroleum Safety and Environmental Management Authority,"Industry, Innovation and Science",nopsema.gov.au,https://www.nopsema.gov.au/assets/epdocuments/A676469.pdf,WA-523 P Drilling Exploration and Appraisal EP Summary
Northern Australia Infrastructure Facility,"Industry, Innovation and Science",naif.gov.au,https://naif.gov.au/corporate-reporting/reporting/,Reporting - NAIF
Anti-Dumping Commission,"Industry, Innovation and Science",adcommission.gov.au,https://adcommission.gov.au/cases/EPR%20451%20%20550/EPR%20487/487-001.2%20-%20AppAtt%20-%20Att%202%20Public%20Record%20USA%20Wind%20Tower%20Review%20Margins.pdf,AGENCY ACTION listing rule) citation for final SUMMARY ...
Anti-Dumping Review Panel,"Industry, Innovation and Science",adreviewpanel.gov.au,https://www.adreviewpanel.gov.au/PastReviews/Pages/20070821DutyNoticeHSSChina.aspx,Review of a decision to publish a dumping duty notice in ...
Australian Industry Participation Authority,"Industry, Innovation and Science",industry.gov.au,https://www.industry.gov.au/about-us/what-we-do/continuing-order-of-the-senate,Continuing Order of the Senate | Department of Industry ...
Innovation and Science Australia,"Industry, Innovation and Science",industry.gov.au,https://www.industry.gov.au/about-us/what-we-do/continuing-order-of-the-senate,Continuing Order of the Senate | Department of Industry ...
Innovation and Science Australia - Biomedical Translation Fund Committee,"Industry, Innovation and Science",industry.gov.au,https://www.industry.gov.au/about-us/what-we-do/continuing-order-of-the-senate,Continuing Order of the Senate | Department of Industry ...
Innovation and Science Australia - Entrepreneurs' Programme Committee,"Industry, Innovation and Science",business.gov.au,https://www.business.gov.au/,business.gov.au | Simple. Fast. Easy.
Innovation and Science Australia - Innovation Investment Committee,"Industry, Innovation and Science",industry.gov.au,https://www.industry.gov.au/about-us/what-we-do/continuing-order-of-the-senate,Continuing Order of the Senate | Department of Industry ...
Innovation and Science Australia - R&D Incentives Committee,"Industry, Innovation and Science",business.gov.au,https://www.business.gov.au/,business.gov.au | Simple. Fast. Easy.
National Measurement Institute,"Industry, Innovation and Science",measurement.gov.au,https://measurement.gov.au/Pages/FileList.aspx,File List - measurement.gov.au
National Offshore Petroleum Safety and Environmental Management Authority Board,"Industry, Innovation and Science",nopsema.gov.au,https://www.nopsema.gov.au/assets/epdocuments/A676469.pdf,WA-523 P Drilling Exploration and Appraisal EP Summary
National Offshore Petroleum Titles Administrator,"Industry, Innovation and Science",nopta.gov.au,https://www.nopta.gov.au/_documents/NOPTA-IndustryInfoSessionPerth.pdf,"RYDGES HOTEL, PERTH - nopta.gov.au"
Trans-Tasman IP Attorneys Board,"Industry, Innovation and Science",ttipattorney.gov.au,https://www.ttipattorney.gov.au/sites/g/files/net2711/f/18%20John%20Smith%20submission.pdf,"Dear Sirs, RE:- Code of conduct review. Independence"
Trans-Tasman IP Attorneys Disciplinary Tribunal,"Industry, Innovation and Science",ttipattorney.gov.au,https://www.ttipattorney.gov.au/sites/g/files/net2711/f/18%20John%20Smith%20submission.pdf,"Dear Sirs, RE:- Code of conduct review. Independence"
"Department of Infrastructure, Regional Development and Cities","Infrastructure, Regional Development and Cities",infrastructure.gov.au,https://www.infrastructure.gov.au/department/file_listing/index.aspx,Indexed List of Departmental Files
Airservices Australia,"Infrastructure, Regional Development and Cities",www.airservicesaustralia.com,http://www.airservicesaustralia.com/wp-content/uploads/CASR-Part-175-FAQ.pdf,Aeronautical Data Originator NOTAM FAQ’s
Australian Maritime Safety Authority,"Infrastructure, Regional Development and Cities",amsa.gov.au,https://www.amsa.gov.au/indexed-lists-agency-files-harradine-report,Indexed lists of agency files (Harradine report)
Australian Transport Safety Bureau,"Infrastructure, Regional Development and Cities",atsb.gov.au,https://www.atsb.gov.au/media/5775767/senate-order-atsb-files-1-july-2018-to-31-december-2018.pdf,Senate Order of Continuing Effect - ATSB Indexed List of ...
Civil Aviation Safety Authority,"Infrastructure, Regional Development and Cities",casa.gov.au,https://www.casa.gov.au/about-us/standard-page/casa-file-list,CASA file list | Civil Aviation Safety Authority
Infrastructure and Project Financing Agency,"Infrastructure, Regional Development and Cities",ipfa.gov.au,https://www.ipfa.gov.au/privacy-legals,Privacy and Legals | IPFA
Infrastructure Australia,"Infrastructure, Regional Development and Cities",infrastructureaustralia.gov.au,https://www.infrastructureaustralia.gov.au/about/accountability-reporting.aspx,Accountability and reporting - infrastructureaustralia.gov.au
National Capital Authority,"Infrastructure, Regional Development and Cities",nca.gov.au,https://www.nca.gov.au/about-the-NCA/corporate-documents/list-nca-files,List of NCA files | National Capital Authority
National Transport Commission,"Infrastructure, Regional Development and Cities",ntc.gov.au,https://www.ntc.gov.au/heavy-vehicles/safety/australian-dangerous-goods-code/,NTC - National Transport Commission
Administrator of Norfolk Island,"Infrastructure, Regional Development and Cities",regional.gov.au,https://www.regional.gov.au/local/lgifr/files/national-financing-authority-for-local-government-options-assessment-20130416.pdf,National financing authority for local government
Administrator of the Northern Territory,"Infrastructure, Regional Development and Cities",nt.gov.au,https://cvp.nt.gov.au/__data/assets/pdf_file/0006/189618/SenateSelectCommitteeonMentalHealth.pdf,SENATE SELECT COMMITTEE ON MENTAL HEALTH
Canberra National Memorials Committee,"Infrastructure, Regional Development and Cities",nca.gov.au,https://www.nca.gov.au/about-the-NCA/corporate-documents/list-nca-files,List of NCA files | National Capital Authority
International Air Services Commission,"Infrastructure, Regional Development and Cities",iasc.gov.au,https://www.iasc.gov.au/other_information/files/MOU%20IASC%20and%20DOT.pdf,www.iasc.gov.au
Registrar of Liner Shipping,"Infrastructure, Regional Development and Cities",infrastructure.gov.au,https://www.infrastructure.gov.au/department/file_listing/index.aspx,Indexed List of Departmental Files
Slot Compliance Committee,"Infrastructure, Regional Development and Cities",infrastructure.gov.au,https://www.infrastructure.gov.au/department/file_listing/index.aspx,Indexed List of Departmental Files
Special Magistrate of the Jervis Bay Territory,"Infrastructure, Regional Development and Cities",act.gov.au,https://www.parliament.act.gov.au/__data/assets/pdf_file/0009/375066/Report_of_Select_Committee_on_Privileges_2011.pdf,Possible improper interference with an Assembly committee ...
Department of Jobs and Small Business,Jobs and Small Business,jobs.gov.au,https://docs.jobs.gov.au/pages/information-routinely-provided-parliament,Information routinely provided to Parliament | Department ...
Asbestos Safety and Eradication Agency,Jobs and Small Business,asbestossafety.gov.au,https://www.asbestossafety.gov.au/sites/asea/files/documents/2019-02/ASEA_senate_order_on_agency_contracts_100k_2018_cal_year.docx,www.asbestossafety.gov.au
Australian Building and Construction Commission,Jobs and Small Business,abcc.gov.au,https://www.abcc.gov.au/about/access-information/file-listing,File listing | ABCC
Coal Mining Industry (Long Service Leave Funding) Corporation,Jobs and Small Business,coallsl.com.au,https://www.coallsl.com.au/files-reports/created-files,Created Files - coallsl.com.au
Comcare,Jobs and Small Business,comcare.gov.au,https://www.comcare.gov.au/Forms_and_Publications/publications/corporate_publications/harradine_reports,Harradine Reports - Comcare
Fair Work Commission,Jobs and Small Business,fwc.gov.au,https://www.fwc.gov.au/about-us/operations/agency-file-listing,Agency file listing | FWC Main Site
Fair Work Ombudsman and Registered Organisations Commission Entity,Jobs and Small Business,fairwork.gov.au,http://www.fairwork.gov.au/about-us/access-accountability-and-reporting/reporting-to-parliament/departmental-file-listing,Departmental file listing - Fair Work Ombudsman
Safe Work Australia,Jobs and Small Business,safeworkaustralia.gov.au,https://www.safeworkaustralia.gov.au/collection/harradine-indexed-file-lists,Harradine indexed file lists | Safe Work Australia
"Seafarers Safety, Rehabilitation and Compensation Authority",Jobs and Small Business,seacare.gov.au,http://www.seacare.gov.au/forms_and_publications/published_information/reports_and_responses_to_parilament/harradine_reports,Seacare Harradine Reports
Asbestos Safety and Eradication Agency Council,Jobs and Small Business,asbestossafety.gov.au,https://www.asbestossafety.gov.au/sites/asea/files/documents/2019-02/ASEA_senate_order_on_agency_contracts_100k_2018_cal_year.docx,www.asbestossafety.gov.au
Australian Small Business and Family Enterprise Ombudsman,Jobs and Small Business,asbfeo.gov.au,https://www.asbfeo.gov.au/sites/default/files/20180405%20Oversight%20of%20the%20AFCA%20RG139%20updated-ASIC.pdf,www.asbfeo.gov.au
Federal Safety Commissioner,Jobs and Small Business,fsc.gov.au,http://www.fsc.gov.au/sites/FSC/Resources/AZ/Documents/2014%20Scheme%20Review%20Discussion%20Paper.docx,www.fsc.gov.au
Registered Organisations Commission (ROC),Jobs and Small Business,roc.gov.au,UNKNOWN,UNKNOWN
"Safety, Rehabilitation and Compensation Commission",Jobs and Small Business,srcc.gov.au,https://www.srcc.gov.au/__data/assets/pdf_file/0017/37151/SRCC_Annual_Report_2003-04.pdf,"SAFETY, REHABILITATION AND COMPENSATION COMMISSION - SRCC"
Department of Parliamentary Services,Parliamentary Departments,aph.gov.au,https://www.aph.gov.au/Parliamentary_Business/Chamber_documents/Senate_chamber_documents/standingorders/d00/Procedural_orders_of_continuing_effect/d05,Orders for documents – Parliament of Australia
Department of the House of Representatives,Parliamentary Departments,aph.gov.au,https://www.aph.gov.au/Parliamentary_Business/Chamber_documents/Senate_chamber_documents/standingorders/d00/Procedural_orders_of_continuing_effect/d05,Orders for documents – Parliament of Australia
Department of the Senate,Parliamentary Departments,aph.gov.au,https://www.aph.gov.au/Parliamentary_Business/Chamber_documents/Senate_chamber_documents/standingorders/d00/Procedural_orders_of_continuing_effect/d05,Orders for documents – Parliament of Australia
Parliamentary Budget Office,Parliamentary Departments,pbo.gov.au,UNKNOWN,UNKNOWN
Department of the Prime Minister and Cabinet,Prime Minister and Cabinet,pmc.gov.au,https://pmc.gov.au/who-we-are/accountability-and-reporting/departmental-indexed-files,Departmental indexed file lists | Department of the Prime ...
Anindilyakwa Land Council,Prime Minister and Cabinet,anindilyakwa.com.au,https://www.anindilyakwa.com.au/,Anindilyakwa Land Council
Australian Institute of Aboriginal and Torres Strait Islander Studies,Prime Minister and Cabinet,aiatsis.gov.au,https://aiatsis.gov.au/sites/default/files/docs/about-us/corp/aiatsis_senate_order_contract_listing_2017_2017_financial_year.pdf,2018 SENATE ORDER FOR CONTRACTS LISTING RELATING TO THE ...
Australian National Audit Office,Prime Minister and Cabinet,anao.gov.au,https://www.anao.gov.au/sites/default/files/ANAO_Report_2004-2005_10.pdf,The Senate Order for Departmental and Agency Contracts ...
Australian Public Service Commission,Prime Minister and Cabinet,apsc.gov.au,https://www.apsc.gov.au/parliamentary-reports-0,Parliamentary reports | Australian Public Service Commission
Central Land Council,Prime Minister and Cabinet,clc.org.au,https://www.clc.org.au/files/pdf/CLC-Senate_Order_Procurement_Contracts.PDF,Confidenti Confidentiality Confidenti Confidentiality ...
Digital Transformation Agency,Prime Minister and Cabinet,dta.gov.au,https://www.dta.gov.au/about-us/reporting-and-plans/our-contracts-and-spending,Our contracts and spending | Digital Transformation Agency
Indigenous Business Australia,Prime Minister and Cabinet,iba.gov.au,https://www.iba.gov.au/file-index/,File Index - Indigenous Business Australia
Indigenous Land and Sea Corporation,Prime Minister and Cabinet,ilc.gov.au,https://www.ilc.gov.au/IndigenousLandCorporation/media/Items/Content/Land%20Acquisition/Files/D_ILC-Senate-Order-Listing-Entity-Contracts-CY2018.pdf,2018 Calendar Year listing Senate Order Listing of Entity ...
North Queensland Livestock Industry Recovery Agency,Prime Minister and Cabinet,pmc.gov.au,https://pmc.gov.au/who-we-are/accountability-and-reporting/departmental-indexed-files,Departmental indexed file lists | Department of the Prime ...
Northern Land Council,Prime Minister and Cabinet,nlc.org.au,https://www.nlc.org.au/media-publications?publicationType=land-rights-news/,All documents | Northern Land Council
Office of National Intelligence,Prime Minister and Cabinet,oni.gov.au,https://www.oni.gov.au/contracts-listing,Senate Order on Non-Corporate Commonwealth Entity ...
Office of the Official Secretary to the Governor-General,Prime Minister and Cabinet,gg.gov.au,https://www.gg.gov.au/office-official-secretary-governor-general/senate-file-list,Senate File List | Governor-General of the Commonwealth of ...
Tiwi Land Council,Prime Minister and Cabinet,www.tiwilandcouncil.com,UNKNOWN,UNKNOWN
Torres Strait Regional Authority,Prime Minister and Cabinet,tsra.gov.au,http://www.tsra.gov.au/__data/assets/pdf_file/0004/2974/TSRA-2011-2012-Annual-Report-Section-1.pdf,TSRA Annual Report 2011-12 Section One: Strategic Overview
Workplace Gender Equality Agency,Prime Minister and Cabinet,wgea.gov.au,https://www.wgea.gov.au/,Welcome | WGEA
Aboriginals Benefit Account Advisory Committee,Prime Minister and Cabinet,dpmc.gov.au,UNKNOWN,UNKNOWN
Defence Force Remuneration Tribunal,Prime Minister and Cabinet,dfrt.gov.au,https://www.dfrt.gov.au/sites/g/files/net5891/f/dfrt-annual-report-2009-2010.pdf,DEFENCE FORCE REMUNERATION TRIBUNAL TWENTY-FIFTH REPORT ...
Executive Director Township Leasing,Prime Minister and Cabinet,otl.gov.au,https://www.otl.gov.au/sites/default/files/annual_report_2013.pdf,EXECUTIVE DIRECTOR OF TOWNSHIP LEASING - otl.gov.au
National Emergency Medal Committee,Prime Minister and Cabinet,itsanhonour.gov.au,UNKNOWN,UNKNOWN
Office of the Aboriginal Land Commissioner,Prime Minister and Cabinet,pmc.gov.au,https://pmc.gov.au/who-we-are/accountability-and-reporting/departmental-indexed-files,Departmental indexed file lists | Department of the Prime ...
Office of the Registrar of Aboriginal and Torres Strait Islander Corporations,Prime Minister and Cabinet,oric.gov.au,http://oric.gov.au/catsi-act/about-catsi-act,About the CATSI Act | Office of the Registrar of ...
Remuneration Tribunal,Prime Minister and Cabinet,remtribunal.gov.au,https://www.remtribunal.gov.au/sites/g/files/net5856/f/Parliamentary-Report-by-J-Egan.pdf,"The Attributes, Role and Reward Backbencher Federal Parliament"
Department of Social Services,Social Services,dss.gov.au,https://www.dss.gov.au/about-the-department/departmental-file-list,Departmental File List | Department of Social Services ...
Australian Institute of Family Studies,Social Services,aifs.gov.au,https://aifs.gov.au/sites/default/files/senate_order_on_entity_contracts_report.pdf,AIFS Customer Subject Matter of Agreement Amount of Start ...
National Disability Insurance Scheme Launch Transition Agency,Social Services,ndis.gov.au,https://www.ndis.gov.au/about-us/operational-guidelines/access-ndis-operational-guideline/list-conditions-which-are-likely-meet-disability-requirements-section-24-ndis-act,List A – Conditions which are likely to meet the ...
National Disability Insurance Scheme Actuary,Social Services,ndis.gov.au,https://www.ndis.gov.au/about-us/operational-guidelines/access-ndis-operational-guideline/list-conditions-which-are-likely-meet-disability-requirements-section-24-ndis-act,List A – Conditions which are likely to meet the ...
National Disability Insurance Scheme Independent Advisory Council,Social Services,ndis.gov.au,https://www.ndis.gov.au/about-us/operational-guidelines/access-ndis-operational-guideline/list-conditions-which-are-likely-meet-disability-requirements-section-24-ndis-act,List A – Conditions which are likely to meet the ...
National Disability Insurance Scheme Reviewing Actuary,Social Services,ndis.gov.au,https://www.ndis.gov.au/about-us/operational-guidelines/access-ndis-operational-guideline/list-conditions-which-are-likely-meet-disability-requirements-section-24-ndis-act,List A – Conditions which are likely to meet the ...
Department of the Treasury,Treasury,treasury.gov.au,https://treasury.gov.au/the-department/accountability-reporting/departmental-and-agency-file-list,Departmental and Agency File List | Treasury.gov.au
Australian Bureau of Statistics,Treasury,abs.gov.au,https://www.abs.gov.au/websitedbs/D3310114.nsf/home/Documents+tabled+in+parliament+by+the+abs,Documents tabled in Parliament by the ABS
Australian Competition and Consumer Commission,Treasury,accc.gov.au,https://www.accc.gov.au/about-us/australian-competition-consumer-commission/accountability/indexed-file-lists,Indexed file lists | ACCC
Australian Office of Financial Management,Treasury,aofm.gov.au,https://aofm.gov.au/publications/compliance-reports/indexed-list-of-agency-files/indexed-list-of-agency-files-1-july-to-31-december-2018/,Indexed List of Agency Files – 1 July to 31 December 2018 ...
Australian Prudential Regulation Authority,Treasury,apra.gov.au,https://www.apra.gov.au/accountability-and-reporting,Accountability and reporting | APRA
Australian Reinsurance Pool Corporation,Treasury,arpc.gov.au,https://arpc.gov.au/wp-content/blogs.dir/3/files/2019/02/ARPC-Senate-Continuing-Order-no.-12-for-period-1-Jul-to-31-Dec-2018.pdf,Australian Reinsurance Pool Corporation
Australian Securities and Investments Commission,Treasury,asic.gov.au,https://download.asic.gov.au/media/2225735/report-senate-order-no-10-201307-201312.pdf,Senate Order No. 10 - download.asic.gov.au
Australian Taxation Office,Treasury,ato.gov.au,https://www.ato.gov.au/About-ATO/Commitments-and-reporting/In-detail/Senate-Procedural-Orders-of-Continuing-Effect-No--12/,Senate Procedural Orders of Continuing Effect No. 12 ...
Commonwealth Grants Commission,Treasury,cgc.gov.au,https://www.cgc.gov.au/governance/reporting,Reporting | Commonwealth Grants Commission
Inspector-General of Taxation,Treasury,igt.gov.au,http://igt.gov.au/about-us/accountability-and-reporting/,Accountability and reporting | Inspector-General of Taxation
National Competition Council,Treasury,ncc.gov.au,http://ncc.gov.au/images/uploads/SOFLJD15-001.pdf,New files and new parts created by the National ...
National Housing Finance and Investment Corporation,Treasury,nhfic.gov.au,UNKNOWN,UNKNOWN
Office of the Auditing and Assurance Standards Board,Treasury,auasb.gov.au,https://www.auasb.gov.au/About-the-AUASB/Government-Reports.aspx,Government Reports - auasb.gov.au
Office of the Australian Accounting Standards Board,Treasury,aasb.gov.au,https://www.aasb.gov.au/About-the-AASB/Government-reports.aspx,Government reports - aasb.gov.au
Productivity Commission,Treasury,pc.gov.au,https://www.pc.gov.au/about/governance/agency-file-list,Senate Order: File List - Productivity Commission
Reserve Bank of Australia,Treasury,rba.gov.au,https://www.rba.gov.au/publications/annual-reports/rba/2018/accountability-and-communication.html,Accountability and Communication | Reserve Bank of ...
Royal Australian Mint,Treasury,ramint.gov.au,https://www.ramint.gov.au/sites/default/files/2019/Corporate_Website/Senate_orders/senate_order_jan_2019_0.pdf,SENATE ORDER ON DEPARTMENT AND AGENCY CONTRACTS LISTING ...
Australian Charities and Not-for-Profits Commission,Treasury,acnc.gov.au,https://www.acnc.gov.au/,ACNC - Australian Charities and Not-for-profits Commission
Australian Charities and Not-for-Profits Commission Advisory Board,Treasury,acnc.gov.au,https://www.acnc.gov.au/,ACNC - Australian Charities and Not-for-profits Commission
Australian Competition Tribunal,Treasury,competitiontribunal.gov.au,https://www.competitiontribunal.gov.au/about/corporate-information,Corporate Information - competitiontribunal.gov.au
Australian Energy Regulator,Treasury,aer.gov.au,https://www.aer.gov.au/system/files/AER%20submission%20-%20Bill%20to%20remove%20Limited%20Merits%20Review%20-%20Submission%20to%20the%20Senate%20Committee.pdf,19 September 2017 Committee Secretary Parliament House
Australian Government Competitive Neutrality Complaints Office,Treasury,pc.gov.au,https://www.pc.gov.au/about/governance/agency-file-list,Senate Order: File List - Productivity Commission
Australian Statistics Advisory Council,Treasury,asac.gov.au,UNKNOWN,UNKNOWN
Companies Auditors Disciplinary Board,Treasury,caldb.gov.au,UNKNOWN,UNKNOWN
Financial Reporting Council,Treasury,frc.gov.au,http://frc.gov.au/files/2014/02/APPC_Audit_Quality_in_Australia.pdf,Audit Quality in Australia A Brief Overview of Recent ...
Superannuation Complaints Tribunal,Treasury,sct.gov.au,https://sct.gov.au/pages/news-and-publications/overview,Superannuation Complaints Tribunal Publications Overview
Takeovers Panel,Treasury,takeovers.gov.au,https://www.takeovers.gov.au/content/resources/reports/compliance_reports.aspx,The Takeovers Panel
Tax Practitioners Board,Treasury,tpb.gov.au,https://www.tpb.gov.au/bas-services,BAS services | TPB
Department of Veterans' Affairs,Veterans' Affairs (part of the Defence Portfolio),dva.gov.au,https://www.dva.gov.au/about-dva/accountability-and-reporting/senate-orders/file-lists,File lists | Department of Veterans' Affairs
Australian War Memorial,Veterans' Affairs (part of the Defence Portfolio),awm.gov.au,https://www.awm.gov.au/about/organisation/corporate,Corporate Documents | The Australian War Memorial
Director of the Office of Australian War Graves,Veterans' Affairs (part of the Defence Portfolio),dva.gov.au,https://www.dva.gov.au/about-dva/accountability-and-reporting/senate-orders/file-lists,File lists | Department of Veterans' Affairs
Repatriation Medical Authority,Veterans' Affairs (part of the Defence Portfolio),rma.gov.au,http://www.rma.gov.au/assets/Publications/Files/7473fc0007/Twenty-fourth-Annual-Report-2017-2018.pdf,Twenty-fourth Annual Report 2017-2018 - rma.gov.au
Veterans' Review Board,Veterans' Affairs (part of the Defence Portfolio),vrb.gov.au,http://www.vrb.gov.au/pubs/filelist.html,Veterans' Review Board - File List - VRB
